{
    "mongo": {
        "uri": "url do seu mongodb"
    },
    "rabbit": {
      "url": "amqp://localhost"
    },
    "captcha": {
      "enabled": false,
      "secret": "secret do recaptcha v2 invisivel"
    },
    "discord": {
        "app": {
            "id": "id da sua aplicação discord",
            "secret": "secret aplicação discord",
            "scope": "identify",
            "redirect": "callback do site registrado em sua aplicação discord"
        },
        "bot": {
            "token": "token do bot discord"
        },
        "channels": {
          "logReport": "id do canal que será enviado os reports",
          "logVote": "id do canal que será enviado os votos",
          "logBan": "id do canal que será enviado os bans",
          "logBotValidation": "id do canal que será enviado os aprovados e rejeitados"
        },
        "guilds": {
          "teste": "id do servidor que os bots são testados",
          "main": "id do servidor principal"
        },
        "url": {
          "apiBaseUrl": "url base da api para o bot usar",
          "siteBaseUrl": "url base do site para o bot usar"
        },
        "roles": {
          "admRole": "cargo de adm pra ser notificado",
          "developer": "cargo que os devs de bots vão ter",
          "checker": "cargo dos verificadores",
          "siteMod": "cargo dos responsáveis pela moderação do site"
        },
        "getServers": {
          "enabled": false,
          "url": ""
        }
    },
    "jwt": {
        "secret": "secret usado para criptografar os tokens jwt (recomendo no min 128 caracteres)",
        "authorized_clients": [
            {
                "secret": "secret usado para criptografar os tokens jwt (recomendo no min 128 caracteres)",
                "type": "bot"
            },
            {
                "secret": "secret usado para criptografar os tokens jwt (recomendo no min 128 caracteres)",
                "type": "code"
            }
        ]
    },
    "server": {
        "port": 3000,
        "prefix": "api"
    }
}
